rgb,D
D5/LFT_3404/LFT_3404.csv,D5/LFT_3404/depLFT_3404.csv
D5/LFT_3411/LFT_3411.csv,D5/LFT_3411/depLFT_3411.csv
D5/LFT_3401/LFT_3401.csv,D5/LFT_3401/depLFT_3401.csv
D5/LFT_3378/LFT_3378.csv,D5/LFT_3378/depLFT_3378.csv
D5/LFT_3384/LFT_3384.csv,D5/LFT_3384/depLFT_3384.csv
D5/LFT_3399/LFT_3399.csv,D5/LFT_3399/depLFT_3399.csv
D5/LFT_3402/LFT_3402.csv,D5/LFT_3402/depLFT_3402.csv
D5/LFT_3385/LFT_3385.csv,D5/LFT_3385/depLFT_3385.csv
D5/LFT_3412/LFT_3412.csv,D5/LFT_3412/depLFT_3412.csv
D5/LFT_3405/LFT_3405.csv,D5/LFT_3405/depLFT_3405.csv
D5/LFT_3403/LFT_3403.csv,D5/LFT_3403/depLFT_3403.csv
D5/LFT_3394/LFT_3394.csv,D5/LFT_3394/depLFT_3394.csv
D5/LFT_3414/LFT_3414.csv,D5/LFT_3414/depLFT_3414.csv
D5/LFT_3376/LFT_3376.csv,D5/LFT_3376/depLFT_3376.csv
D5/LFT_3416/LFT_3416.csv,D5/LFT_3416/depLFT_3416.csv
D5/LFT_3392/LFT_3392.csv,D5/LFT_3392/depLFT_3392.csv
D5/LFT_3389/LFT_3389.csv,D5/LFT_3389/depLFT_3389.csv
D5/LFT_3396/LFT_3396.csv,D5/LFT_3396/depLFT_3396.csv
D5/LFT_3390/LFT_3390.csv,D5/LFT_3390/depLFT_3390.csv
D5/LFT_3413/LFT_3413.csv,D5/LFT_3413/depLFT_3413.csv
D5/LFT_3382/LFT_3382.csv,D5/LFT_3382/depLFT_3382.csv
D5/LFT_3387/LFT_3387.csv,D5/LFT_3387/depLFT_3387.csv
D5/LFT_3379/LFT_3379.csv,D5/LFT_3379/depLFT_3379.csv
D5/LFT_3391/LFT_3391.csv,D5/LFT_3391/depLFT_3391.csv
D5/LFT_3406/LFT_3406.csv,D5/LFT_3406/depLFT_3406.csv
D5/LFT_3388/LFT_3388.csv,D5/LFT_3388/depLFT_3388.csv
D5/LFT_3410/LFT_3410.csv,D5/LFT_3410/depLFT_3410.csv
D5/LFT_3381/LFT_3381.csv,D5/LFT_3381/depLFT_3381.csv
D5/LFT_3409/LFT_3409.csv,D5/LFT_3409/depLFT_3409.csv
D5/LFT_3375/LFT_3375.csv,D5/LFT_3375/depLFT_3375.csv
D5/LFT_3400/LFT_3400.csv,D5/LFT_3400/depLFT_3400.csv
D5/LFT_3386/LFT_3386.csv,D5/LFT_3386/depLFT_3386.csv
D5/LFT_3407/LFT_3407.csv,D5/LFT_3407/depLFT_3407.csv
D5/LFT_3398/LFT_3398.csv,D5/LFT_3398/depLFT_3398.csv
D5/LFT_3380/LFT_3380.csv,D5/LFT_3380/depLFT_3380.csv
D5/LFT_3397/LFT_3397.csv,D5/LFT_3397/depLFT_3397.csv
D5/LFT_3395/LFT_3395.csv,D5/LFT_3395/depLFT_3395.csv
D5/LFT_3393/LFT_3393.csv,D5/LFT_3393/depLFT_3393.csv
